Location,Batch_no,Tin_no,Sample_ID,Lab_dupe,Collection_date,TSS_Analysis_date,Dirty_weight_date,volume_mL,clean_dry_mass_g,dirty_dry_mass_1-g,dirty_dry_mass_2_g,sediment_mass_mg,TSS_mg/L,pH,EC_mS/cm,pH_EC_datetime,Sample_type,Lab_technicians,Out_of_Hold_Time,BAD_GOOD,Notes,,,,
,1,38,Stock Solution,,5/9/2023,5/9/2023,5/10/2023,30,1.1969,1.1999,,3,100,,,#N/A,,Person A,FALSE,Good,,,,,
,1,39,DI,,5/9/2023,5/9/2023,5/10/2023,30,1.2009,1.2008,,-0.1,-3.333333333,,,#N/A,,Person A,FALSE,,,,,,
Gunnison,1,40,GU-RVin-01-GB-4,FALSE,4/30/2023,5/9/2023,5/10/2023,30,1.2031,1.2041,,1,33.33333333,7.25,0.218,5/1/23 10:11,,Person A,TRUE,,"ph, EC collected by AJ",,,,
Gunnison,1,41,GU-RVin-01-GB-4-D,FALSE,4/30/2023,5/9/2023,5/10/2023,30,1.2314,1.2319,,0.5,16.66666667,7.33,0.222,5/1/23 10:11,,Person A,TRUE,,"ph, EC collected by AJ",,,,
Steamboat,1,42,SB-01-OT-GB-4,FALSE,5/4/2023,5/9/2023,5/10/2023,30,1.2368,1.2374,,0.6,20,8.08,0.204,5/5/23 9:00,,Person A,FALSE,,,,,,
Steamboat,1,43,UYM-01-IN-GB-4,FALSE,5/4/2023,5/9/2023,5/10/2023,30,1.2141,1.2178,,3.7,123.3333333,7.88,0.203,5/5/23 9:00,,Person A,FALSE,,,,,,
Steamboat,1,44,LG-01-OT-GB-4-D,FALSE,5/4/2023,5/9/2023,5/10/2023,30,1.2136,1.2139,,0.3,10,6.88,0.079,5/10/23 12:00,,Person A,FALSE,,EC OUT OF RANGE (SUSPECTED ON LOW END),,,,
Steamboat,1,45,LG-01-OT-GB-4,FALSE,5/4/2023,5/9/2023,5/10/2023,30,1.1978,1.1979,,0.1,3.333333333,6.74,0.125,5/10/23 12:00,,Person A,FALSE,,EC OUT OF RANGE (SUSPECTED ON LOW END),,,,
Steamboat,2,10,MOR-01-GB-4,FALSE,5/4/2023,5/9/2023,5/10/2023,30,1.2062,1.2094,,3.2,106.6666667,7.74,0.076,5/10/23 12:00,,Person A,FALSE,,EC OUT OF RANGE (SUSPECTED ON LOW END),,,,
Steamboat,2,11,SCO-01-GB-4,FALSE,5/4/2023,5/9/2023,5/10/2023,30,1.2298,1.2301,,0.3,10,8.01,0.47,5/10/23 12:00,,Person A,FALSE,,,,,,
Steamboat,2,12,SCA-01-GB-4-D,FALSE,5/4/2023,5/9/2023,5/10/2023,30,1.203,1.2055,,2.5,83.33333333,8.3,0.414,5/10/23 12:00,,Person A,FALSE,,,,,,
Steamboat,2,13,TR-01-GB-4,FALSE,5/4/2023,5/9/2023,5/10/2023,30,1.2185,1.2212,,2.7,90,7.9,0.141,5/10/23 12:00,,Person A,FALSE,,,,,,
Steamboat,2,14,SCI-01-GB-4,FALSE,5/4/2023,5/9/2023,5/10/2023,30,1.2232,1.2237,,0.5,16.66666667,8.51,0.415,5/10/23 12:00,,Person A,FALSE,,,,,,
Steamboat,2,15,SCA-01-GB-4,FALSE,5/4/2023,5/9/2023,5/10/2023,30,1.2027,1.2045,,1.8,60,8.31,0.326,5/10/23 12:00,,Person A,FALSE,,,,,,
,2,16,Stock Solution,,5/9/2023,5/9/2023,5/10/2023,30,1.2168,1.2198,,3,100,,,,,Person A,FALSE,Good,,,,,
,2,17,DI,,5/9/2023,5/9/2023,5/10/2023,30,1.205,1.205,,0,0,,,,,Person A,FALSE,Good,,,,,
,3,39,Stock Solution,,5/21/2023,5/21/2023,5/22/2023,30,1.2015,1.2045,,3,100,,,,,Person A,FALSE,Good,,,,,
,3,40,DI,,5/21/2023,5/21/2023,5/22/2023,30,1.1976,1.1976,,0,0,,,,,Person A,FALSE,Good,,,,,
Barley,3,41,BAR-S1-OT-4,FALSE,5/12/2023,5/21/2023,5/22/2023,30,1.2291,1.3428,,113.7,3790,8.09,0.1099,5/12/23 14:00,,Person A,TRUE,,"ph, EC collected by Jake ",,,,
Barley,3,42,BAR-S1-OT-4-D,FALSE,5/12/2023,5/21/2023,5/22/2023,30,1.2322,1.3208,,88.6,2953.333333,8.21,0.1058,5/12/23 14:00,,Person A,TRUE,,"ph, EC collected by Jake",,,,
Boulder,3,44,BOL-01-GB-4,FALSE,5/12/2023,5/21/2023,5/22/2023,30,1.2147,1.2158,,1.1,36.66666667,8.33,0.1348,5/22/23 12:15,,Person A,TRUE,,"ph, EC done by Caz, Jake, and Melanie",,,,
Boulder,3,45,BOL-01-GB-4-D,FALSE,5/12/2023,5/21/2023,5/22/2023,30,1.1922,1.1929,,0.7,23.33333333,8.35,0.1346,5/23/23 12:15,,Person A,TRUE,,"ph, EC done by Caz, Jake, and Melanie",,,,
,3,116,Stock Solution,,5/24/2023,5/24/2023,5/25/2023,30,1.1945,1.1975,,3,100,,,,,Person A,FALSE,Good,,,,,
,3,117,DI,,5/24/2023,5/24/2023,5/25/2023,30,1.2126,1.2125,,-0.1,-3.333333333,,,,,Person A,FALSE,,,,,,
,4,2,DI,,6/4/2023,6/4/2023,6/8/2023,30,1.2258,1.2258,,0,0,,,,,Person A,FALSE,Good,,,,,
,4,3,Stock Solution,FALSE,6/4/2023,6/4/2023,6/8/2023,30,1.2114,1.2144,,3,100,,,,,Person A,FALSE,Good,,,,,
Steamboat,4,4,SCA-02-GB-4,FALSE,6/1/2023,6/4/2023,6/8/2023,30,1.2096,1.2106,,1,33.33333333,8.18,0.415,6/5/23 11:40,,Person A,FALSE,,,,,,
Steamboat,4,5,SCA-02-GB-4-D,FALSE,6/1/2023,6/4/2023,6/8/2023,30,1.2133,1.2146,,1.3,43.33333333,8.15,0.414,6/5/23 11:40,,Person A,FALSE,,,,,,
Steamboat,4,6,SB-02-OT-ISC-4,FALSE,6/1/2023,6/4/2023,6/8/2023,30,1.2211,1.2218,,0.7,23.33333333,8.25,0.331,6/5/23 11:40,,Person A,FALSE,,,,,,
Steamboat,4,7,SB-02-OT-ISC-4-D,FALSE,6/1/2023,6/4/2023,6/8/2023,30,1.2148,1.2156,,0.8,26.66666667,8.24,0.332,6/5/23 11:40,,Person A,FALSE,,,,,,
Steamboat,4,8,SCI-02-GB-4,FALSE,6/1/2023,6/4/2023,6/8/2023,30,1.2182,1.2185,,0.3,10,8.36,0.388,6/5/23 11:40,,Person A,FALSE,,,,,,
Steamboat,4,9,SCI-02-GB-4-D,FALSE,6/1/2023,6/4/2023,6/8/2023,30,1.2131,1.2134,,0.3,10,8.37,0.387,6/5/23 11:40,,Person A,FALSE,,,,,,
Steamboat,4,10,SCO-02-GB-4,FALSE,6/1/2023,6/4/2023,6/8/2023,30,1.2038,1.2039,,0.1,3.333333333,8.47,0.39,6/5/23 11:40,,Person A,FALSE,,,,,,
,4,42,Stock Solution,,6/4/2023,6/4/2023,6/8/2023,30,1.2376,1.2407,,3.1,103.3333333,,,,,Person A,FALSE,Good,,,,,
,5,43,DI,,6/4/2023,6/4/2023,6/8/2023,30,1.216,1.216,,0,0,,,,,Person A,FALSE,Good,,,,,
Steamboat,5,44,SCO-02-GB-4-D,FALSE,6/1/2023,6/4/2023,6/8/2023,30,1.2197,1.22,,0.3,10,8.42,0.39,6/5/23 11:40,,Person A,FALSE,,,,,,
Steamboat,5,45,TR-02-GB-4,FALSE,6/1/2023,6/4/2023,6/8/2023,30,1.1967,1.1975,,0.8,26.66666667,8.22,0.176,6/5/23 11:40,,Person A,FALSE,,,,,,
Steamboat,5,46,TR-02-GB-4-D,FALSE,6/1/2023,6/4/2023,6/8/2023,30,1.2124,1.2132,,0.8,26.66666667,8.12,0.154,6/5/23 11:40,,Person A,FALSE,,,,,,
Steamboat,5,47,MOR-02-GB-4,FALSE,6/1/2023,6/4/2023,6/8/2023,30,1.2066,1.2074,,0.8,26.66666667,7.72,0.052,6/5/23 11:40,,Person A,FALSE,,,,,,
,5,48,MOR-02-GB-4-D,FALSE,6/1/2023,6/4/2023,6/8/2023,30,1.2017,1.2114,,9.7,323.3333333,7.51,0.054,6/5/23 11:40,,Person A,FALSE,,"Don'y use this value in the future, bad error",,,,
,6,23,DI,,6/12/2023,6/12/2023,6/25/2023,30,1.2182,1.2182,,0,0,,,,,Person A,FALSE,Good,,,,,
,6,24,Stock Solution,,6/12/2023,6/12/2023,6/25/2023,30,1.2142,1.2173,,3.1,103.3333333,,,,,Person A,FALSE,Good,,,,,
Yampa,6,25,UYM-02-IN-LC-4,FALSE,6/8/2023,6/12/2023,6/25/2023,30,1.2021,1.2021,,0,0,8.05,0.16,6/14/23 3:00,,Person A,FALSE,,,,,,
Yampa,6,26,UYM-02-IN-LC-4-D,FALSE,6/8/2023,6/12/2023,6/25/2023,30,1.1915,1.1915,,0,0,7.99,0.16,6/14/23 3:00,,Person A,FALSE,,,,,,
Yampa,6,27,UYM-02-OT-ISC-4-1,FALSE,6/8/2023,6/12/2023,6/25/2023,30,1.214,1.2143,,0.3,10,7.89,0.21,6/14/23 3:00,,Person A,FALSE,,,,,,
Yampa,6,28,UYM-02-OT-ISC-4-2,FALSE,6/8/2023,6/12/2023,6/25/2023,30,1.1974,1.1976,,0.2,6.666666667,8.02,0.23,6/14/23 3:00,,Person A,FALSE,,,,,,
Yampa,6,29,UYM-OT-ISC-4-3,FALSE,6/8/2023,6/12/2023,6/25/2023,30,1.2201,1.2204,,0.3,10,8.01,0.46,6/14/23 3:00,,Person A,FALSE,,,,,,
Yampa,6,30,UYM-OT-ISC-4-4,FALSE,6/8/2023,6/12/2023,6/25/2023,30,1.2142,1.2142,,0,0,7.97,0.21,6/14/23 3:00,,Person A,FALSE,,,,,,
Yampa,8,5,MOR-02-GB-4-D,TRUE,6/1/2023,6/21/2023,6/25/2023,30,1.2145,1.2154,,0.9,30,,,,,Person A,TRUE,,,,,,
,9,10,Stock Solution,,6/21/2023,6/21/2023,6/25/2023,30,1.2071,1.21,,2.9,96.66666667,,,,,Person A,FALSE,Good,,,,,
,9,11,DI,,6/21/2023,6/21/2023,6/25/2023,30,1.2269,1.2269,,0,0,,,,,Person A,FALSE,Good,,,,,
,9,14,GU-02-IN-LC-4,,6/15/2023,6/21/2023,6/25/2023,30,1.2239,1.2246,,0.7,23.33333333,7.94,0.202,,,Person A,FALSE,,"ph, EC collected by Jake",,,,
,9,15,GU-02-IN-LC-4-D,,6/15/2023,6/21/2023,6/25/2023,30,1.1978,1.1988,,1,33.33333333,8.01,0.201,,,Person A,FALSE,,"ph, EC collected by Jake",,,,
,9,16,GU-02-OT-ISC-4,,6/15/2023,6/21/2023,6/25/2023,30,1.2187,1.2209,,2.2,73.33333333,7.9,0.289,,,Person A,FALSE,,"ph, EC collected by Jake",,,,
,9,17,GU-02-OT-ISC-4-D,,6/15/2023,6/21/2023,6/25/2023,30,1.2041,1.2061,,2,66.66666667,7.93,0.289,,,Person A,FALSE,,"ph, EC collected by Jake",,,,
,9,18,MOL-01-IN-LC-4,,6/15/2023,6/21/2023,6/25/2023,30,1.2016,1.2027,,1.1,36.66666667,8.09,0.213,,,Person A,FALSE,,"ph, EC collected by Jake",,,,
,9,19,MOL-01-IN-LC-4-D,,6/15/2023,6/21/2023,6/25/2023,30,1.1995,1.2009,,1.4,46.66666667,8.02,0.212,,,Person A,FALSE,,"ph, EC collected by Jake",,,,
,9,20,MOL-01-OT-ISC-4,,6/15/2023,6/21/2023,6/25/2023,30,1.1968,1.1976,,0.8,26.66666667,8.13,0.502,,,Person A,FALSE,,"ph, EC collected by Jake",,,,
,9,21,MOL-01-OT-ISC-4-D,,6/15/2023,6/21/2023,6/25/2023,30,1.2085,1.2091,,0.6,20,8.14,0.486,,,Person A,FALSE,,"ph, EC collected by Jake",,,,
,9,22,Stock Solution,,6/21/2023,6/21/2023,6/25/2023,30,1.2203,1.2233,,3,100,,,,,Person A,FALSE,Good,,,,,
,9,23,DI,,6/21/2023,6/21/2023,6/25/2023,30,1.2176,1.2175,,-0.1,-3.333333333,,,,,Person A,FALSE,,,,,,
,9,24,AV-CT1-01-OT-LC-4,,6/15/2023,6/21/2023,6/25/2023,30,1.2137,1.2792,,65.5,2183.333333,7.8,0.713,,,Person A,FALSE,,"ph, EC collected by Jake",,,,
,9,25,AV-CT1-01-OT-LC-4-D,,6/15/2023,6/21/2023,6/25/2023,30,1.2045,1.2682,,63.7,2123.333333,7.79,0.723,,,Person A,FALSE,,"ph, EC collected by Jake",,,,
,9,26,AV-ST1-01-OT-LC-4,,6/15/2023,6/21/2023,6/25/2023,30,1.1965,1.2682,,71.7,2390,7.88,0.802,,,Person A,FALSE,,"ph, EC collected by Jake",,,,
,9,27,AV-ST1-01-OT-LC-4-D,,6/15/2023,6/21/2023,6/25/2023,30,1.2093,1.2801,,70.8,2360,7.94,0.804,,,Person A,FALSE,,"ph, EC collected by Jake",,,,
,9,28,AV-ST2-01-OT-LC-4,,6/15/2023,6/21/2023,6/25/2023,30,1.1999,1.2384,,38.5,1283.333333,8.05,0.762,,,Person A,FALSE,,"ph, EC collected by Jake",,,,
,9,29,AV-ST2-01-OT-LC-4-D,,6/15/2023,6/21/2023,6/25/2023,30,1.2185,1.2606,,42.1,1403.333333,8.01,0.748,,,Person A,FALSE,,"ph, EC collected by Jake",,,,
,10,61,Stock Solution,,6/21/2023,6/21/2023,6/25/2023,30,1.2142,1.2171,,2.9,96.66666667,,,,,Person A,FALSE,Good,,,,,
,10,62,DI,,6/21/2023,6/21/2023,6/25/2023,30,1.2175,1.2176,,0.1,3.333333333,,,,,Person A,FALSE,,,,,,
,10,63,AV-CT2-01-OT-LC-4,,6/15/2023,6/21/2023,6/25/2023,30,1.2142,1.2566,,42.4,1413.333333,8.06,0.756,,,Person A,FALSE,,"ph, EC collected by Jake",,,,
,10,64,AV-CT2-01-OT-LC-4-D,,6/15/2023,6/21/2023,6/25/2023,30,1.2243,1.2679,,43.6,1453.333333,8.03,0.753,,,Person A,FALSE,,"ph, EC collected by Jake",,,,
,10,65,AV-ST2-01-OT-ISC-4,,6/15/2023,6/21/2023,6/25/2023,30,1.2088,1.3054,,96.6,3220,7.93,0.825,,,Person A,FALSE,,"potentially biased by first sample sucking up mud, which would not be found in the duplicate sample once the isco sucked it up initially; ph, EC collected by Jake",,,,
,10,66,AV-ST2-01-OT-ISC-4-D,,6/15/2023,6/21/2023,6/25/2023,30,1.2156,1.2745,,58.9,1963.333333,7.99,0.82,,,Person A,FALSE,,"ph, EC collected by Jake",,,,
,10,67,AV-01-IN-GB-4,,6/15/2023,6/21/2023,6/25/2023,30,1.2086,1.2535,,44.9,1496.666667,8.03,0.974,,,Person A,FALSE,,"ph, EC collected by Jake",,,,
,10,68,AV-01-IN-GB-4-D,,6/15/2023,6/21/2023,6/25/2023,30,1.1993,1.2432,,43.9,1463.333333,8.03,0.964,,,Person A,FALSE,,"ph, EC collected by Jake",,,,
,11,69,Stock Solution,,6/27/2023,6/27/2023,6/28/2023,30,1.2182,1.2214,,3.2,106.6666667,,,,,Person A,FALSE,Good,,,,,
,11,70,DI,,6/27/2023,6/27/2023,6/28/2023,30,1.2026,1.2026,,0,0,,,,,Person A,FALSE,Good,,,,,
,11,71,BT-RVMID-01-GB-4,,6/26/2023,6/27/2023,6/28/2023,30,1.1927,1.1934,,0.7,23.33333333,8.69,0.345,6/28/23 14:25,,Person A,FALSE,,,,,,
,11,72,BT-RVA-01-GB-4,,6/26/2023,6/27/2023,6/28/2023,30,1.2069,1.2074,,0.5,16.66666667,8.14,0.318,6/28/23 14:25,,Person A,FALSE,,,,,,
,11,73,BT-RVB-01-GB-4,,6/26/2023,6/27/2023,6/28/2023,30,1.2197,1.22,,0.3,10,8.03,0.339,6/28/23 14:25,,Person A,FALSE,,,,,,
,11,74,BT-TDR-01-GB-4,,6/26/2023,6/27/2023,6/28/2023,30,1.2292,1.2299,,0.7,23.33333333,7.87,0.564,6/28/23 14:25,,Person A,FALSE,,,,,,
,11,75,HOL-UP-01-GB-4,,6/26/2023,6/27/2023,6/28/2023,30,1.2096,1.2115,,1.9,63.33333333,8.07,2.37,6/28/23 14:25,,Person A,FALSE,,,,,,
,11,77,HOL-MID-01-GB-4,,6/26/2023,6/27/2023,6/28/2023,30,1.2166,1.2185,,1.9,63.33333333,8.07,2.131,6/28/23 14:25,,Person A,FALSE,,,,,,
,11,79,HOL-DOWN-01-GB-4,,6/26/2023,6/27/2023,6/28/2023,30,1.2045,1.2358,,31.3,1043.333333,,,6/28/23 14:25,,Person A,FALSE,,"Could not read EC and pH, probably due to limited sample amount",,,,
,11,80,HOL-CON-01-GB-4,,6/26/2023,6/27/2023,6/28/2023,30,1.2138,1.2171,,3.3,110,7.23,0.69,6/28/23 14:25,,Person A,FALSE,,,,,,
,11,81,Stock Solution,,6/26/2023,6/27/2023,6/28/2023,30,1.2229,1.2259,,3,100,,,,,Person A,FALSE,Good,,,,,
,12,1,Stock Solution,,7/5/2023,7/5/2023,7/11/2023,30,1.2168,1.2198,,3,100,,,,,Person A,FALSE,Good,,,,,
,12,2,DI,,7/5/2023,7/5/2023,7/11/2023,30,1.2277,1.2277,,0,0,,,,,Person A,FALSE,Good,,,,,
,12,3,UYM-03-OT-ISC-4-1,,6/29/2023,7/5/2023,7/11/2023,30,1.2184,1.2194,,1,33.33333333,8.26,0.475,7/5/23 0:00,,Person A,FALSE,,,,,,
,12,4,UYM-03-OT-ISC-4-1-D,,6/29/2023,7/5/2023,7/11/2023,30,1.2126,1.2131,,0.5,16.66666667,8.22,0.476,7/5/23 0:00,,Person A,FALSE,,,,,,
,12,5,UYM-03-OT-ISC-4-3,,6/29/2023,7/5/2023,7/11/2023,30,1.2147,1.215,,0.3,10,8.12,0.49,7/5/23 0:00,,Person A,FALSE,,,,,,
,12,6,UYM-03-OT-ISC-4-5,,6/29/2023,7/5/2023,7/11/2023,30,1.2178,1.2182,,0.4,13.33333333,8.16,0.489,7/5/23 0:00,,Person A,FALSE,,,,,,
,12,7,UYM-03-OT-ISC-4-7,,6/29/2023,7/5/2023,7/11/2023,30,1.2147,1.2151,,0.4,13.33333333,8.18,0.47,7/5/23 0:00,,Person A,FALSE,,,,,,
,12,8,UYM-03-OT-ISC-4-7-D,,6/29/2023,7/5/2023,7/11/2023,30,1.219,1.2193,,0.3,10,8.16,0.471,7/5/23 0:00,,Person A,FALSE,,,,,,
,12,9,UYM-03-OT-ISC-4-9,,6/29/2023,7/5/2023,7/11/2023,30,1.2166,1.2171,,0.5,16.66666667,8.14,0.476,7/5/23 0:00,,Person A,FALSE,,,,,,
,12,10,UYM-03-OT-ISC-4-11,,6/29/2023,7/5/2023,7/11/2023,30,1.2088,1.2091,,0.3,10,8.09,0.483,7/5/23 0:00,,Person A,FALSE,,,,,,
,12,11,UYM-03-OT-ISC-4-13,,6/29/2023,7/5/2023,7/11/2023,30,1.2329,1.2337,,0.8,26.66666667,8.21,0.465,7/5/23 0:00,,Person A,FALSE,,,,,,
,12,12,UYM-03-OT-ISC-4-13-D,,6/29/2023,7/5/2023,7/11/2023,30,1.2042,1.2049,,0.7,23.33333333,8.18,0.465,7/5/23 0:00,,Person A,FALSE,,,,,,
,13,13,Stock Solution,,7/5/2023,7/5/2023,7/11/2023,30,1.2174,1.2204,,3,100,,,,,Person A,FALSE,Good,,,,,
,13,14,DI,,7/5/2023,7/5/2023,7/11/2023,30,1.2246,1.2246,,0,0,,,,,Person A,FALSE,Good,,,,,
,13,15,UYM-03-IN-LC-4,,6/29/2023,7/5/2023,7/11/2023,30,1.2042,1.2045,,0.3,10,8.13,0.396,7/5/23 0:00,,Person A,FALSE,,,,,,
,13,16,UYM-03-IN-LC-4-D,,6/29/2023,7/5/2023,7/11/2023,30,1.2201,1.2206,,0.5,16.66666667,8.09,0.395,7/5/23 0:00,,Person A,FALSE,,,,,,
,13,17,SB-03-OT-ISC-4,,6/29/2023,7/5/2023,7/11/2023,30,1.2099,1.2104,,0.5,16.66666667,8.33,0.373,7/8/23 0:00,,Person A,FALSE,,,,,,
,13,18,SB-03-OT-ISC-4-D,,6/29/2023,7/5/2023,7/11/2023,30,1.2023,1.2027,,0.4,13.33333333,8.35,0.373,7/8/23 0:00,,Person A,FALSE,,,,,,
,13,19,SCA-03-GB-4,,6/29/2023,7/5/2023,7/11/2023,30,1.2028,1.2035,,0.7,23.33333333,8.42,0.505,7/8/23 0:00,,Person A,FALSE,,,,,,
,13,20,SCA-03-GB-4-D,,6/29/2023,7/5/2023,7/11/2023,30,1.1967,1.1973,,0.6,20,8.4,0.506,7/8/23 0:00,,Person A,FALSE,,,,,,
,13,21,SCI-03-GB-4,,6/29/2023,7/5/2023,7/11/2023,30,1.2119,1.2123,,0.4,13.33333333,8.51,0.405,7/8/23 0:00,,Person A,FALSE,,,,,,
,13,22,SCI-03-GB-4-D,,6/29/2023,7/5/2023,7/11/2023,30,1.2199,1.2204,,0.5,16.66666667,8.52,0.404,7/8/23 0:00,,Person A,FALSE,,,,,,
,13,23,SCO-03-GB-4,,6/29/2023,7/5/2023,7/11/2023,30,1.219,1.2196,,0.6,20,8.3,0.426,7/8/23 0:00,,Person A,FALSE,,,,,,
,13,24,SCO-03-GB-4-D,,6/29/2023,7/5/2023,7/11/2023,30,1.2179,1.2183,,0.4,13.33333333,8.3,0.426,7/8/23 0:00,,Person A,FALSE,,,,,,
,14,25,Stock Solution,,7/5/2023,7/5/2023,7/11/2023,30,1.2022,1.2053,,3.1,103.3333333,,,,,Person A,FALSE,Good,,,,,
,14,26,DI,,7/5/2023,7/5/2023,7/11/2023,30,1.1932,1.1933,,0.1,3.333333333,,,,,Person A,FALSE,,,,,,
,14,27,MOR-03-GB-4,,6/29/2023,7/5/2023,7/11/2023,30,1.2116,1.2119,,0.3,10,7.92,0,7/8/23 0:00,,Person A,FALSE,"retested 0.0617, 8/6/2023",,,,,
,14,28,MOR-03-GB-4-D,,6/29/2023,7/5/2023,7/11/2023,30,1.1996,1.1998,,0.2,6.666666667,7.69,0,7/8/23 0:00,,Person A,FALSE,"retested 0.082, 8/6/2023",,,,,
,14,29,TR-03-GB-4,,6/29/2023,7/5/2023,7/11/2023,30,1.2183,1.2188,,0.5,16.66666667,8.53,0.288,7/8/23 0:00,,Person A,FALSE,,,,,,
,14,30,TR-03-GB-4-D,,6/29/2023,7/5/2023,7/11/2023,30,1.2188,1.219,,0.2,6.666666667,8.63,0.261,7/8/23 0:00,,Person A,FALSE,,,,,,
,14,31,LG-02-OT-LC-4,,6/29/2023,7/5/2023,7/11/2023,30,1.2168,1.2175,,0.7,23.33333333,7.1,0,7/8/23 0:00,,Person A,FALSE,"retested 0.065, 8/6/2023",,,,,
,14,32,LG-02-OT-LC-4-D,,6/29/2023,7/5/2023,7/11/2023,30,1.2049,1.2049,,0,0,7.1,0,7/8/23 0:00,,Person A,FALSE,"retested 0.0766, 8/6/2023",,,,,
,14,33,LG-02-IN-GB-4,,6/29/2023,7/5/2023,7/11/2023,30,1.2024,1.2026,,0.2,6.666666667,7.11,0,7/8/23 0:00,,Person A,FALSE,"retested 0.0569, 8/6/2023",,,,,
,14,34,LG-02-IN-GB-4-D,,6/29/2023,7/5/2023,7/11/2023,30,1.2185,1.219,,0.5,16.66666667,7.12,0,7/8/23 0:00,,Person A,FALSE,"retested 0.444, 8/6/2023",,,,,
,15,40,Stock Solution,,7/19/2023,7/19/2023,7/21/2023,30,1.2007,1.2037,,3,100,,,,,Person A,FALSE,Good,,,,,
,15,41,DI,,7/19/2023,7/19/2023,7/21/2023,30,1.215,1.2151,,0.1,3.333333333,,,,,Person A,FALSE,,,,,,
,15,42,K-MT1-01-LC-4,,7/17/2023,7/19/2023,7/21/2023,30,1.2252,1.2359,,10.7,356.6666667,8.46,0.1607,7/23/23 0:00,,Person A,FALSE,,,,,,
,15,43,K-CT1-01-LC-4,,7/17/2023,7/19/2023,7/21/2023,30,1.1935,1.2146,,21.1,703.3333333,8.18,0.1561,7/23/23 0:00,,Person A,FALSE,,,,,,
,15,44,K-MT2-01-GBH-4,,7/17/2023,7/19/2023,7/21/2023,30,1.2055,1.2323,,26.8,893.3333333,8.16,0.1613,,,Person A,FALSE,,,,,,
,15,45,K-MT2-01-GBH-4-D,,7/17/2023,7/19/2023,7/21/2023,30,1.2148,1.2424,,27.6,920,8.18,0.1606,,,Person A,FALSE,,,,,,
,15,46,K-ST1-01-GBH-4,,7/17/2023,7/19/2023,7/21/2023,30,1.2117,1.2249,,13.2,440,8.17,0.1611,,,Person A,FALSE,,,,,,
,NA,NA,K-CT1-01-GBH,,7/17/2023,7/18/2023,NA,NA,NA,NA,NA,NA,16,8.21,0.163,,,Person A,FALSE,,"This sample was accidentally sent to ALS, so we had them process it for TSS, EC, and pH.  Note that TSS seems suspicisouly low.",,,,
,15,47,K-ST2-01-GBH-4,,7/17/2023,7/19/2023,7/21/2023,30,1.2094,1.2573,,47.9,1596.666667,8.13,0.1608,,,Person A,FALSE,,,,,,
,15,48,K-ST1-01-LC-4,,7/17/2023,7/19/2023,7/21/2023,30,1.2082,1.2235,,15.3,510,8.19,0.1604,,,Person A,FALSE,,,,,,
,15,49,K-CT2-01-GBH-4,,7/17/2023,7/19/2023,7/21/2023,30,1.2122,1.2496,,37.4,1246.666667,8.22,0.16,,,Person A,FALSE,,,,,,
,15,50,K-ST2-01-LC-4,,7/17/2023,7/19/2023,7/21/2023,30,1.1988,1.3067,,107.9,3596.666667,8.15,0.1609,,,Person A,FALSE,,,,,,
,15,51,K-CT2-01-LC-4,,7/17/2023,7/19/2023,7/21/2023,30,1.2053,1.2663,,61,2033.333333,8.21,0.1607,,,Person A,FALSE,,,,,,
,16,52,Stock Solution,,7/19/2023,7/19/2023,7/21/2023,30,1.204,1.2071,,3.1,103.3333333,,,,,Person A,FALSE,Good,,,,,
,16,53,DI,,7/19/2023,7/19/2023,7/21/2023,30,1.1844,1.1844,,0,0,,,,,Person A,FALSE,Good,,,,,
,16,54,K-INF-01-GBH-4,,7/17/2023,7/19/2023,7/21/2023,30,1.2331,1.2341,,1,33.33333333,7.87,0.1619,,,Person A,FALSE,,,,,,
,16,55,K-MT2-01-GB-4,,7/17/2023,7/19/2023,7/21/2023,30,1.2264,1.2582,,31.8,1060,8.15,0.1613,,,Person A,FALSE,,,,,,
,16,56,K-MT1-01-GB-4,,7/17/2023,7/19/2023,7/21/2023,30,1.1938,1.2098,,16,533.3333333,8.15,0.1612,,,Person A,FALSE,,,,,,
,16,57,K-CT1-01-ISC-4,,7/17/2023,7/19/2023,7/21/2023,30,1.2201,1.2446,,24.5,816.6666667,8.21,0.1617,,,Person A,FALSE,,,,,,
,16,58,K-MT1-01-GBH-4,,7/17/2023,7/19/2023,7/21/2023,30,1.2251,1.2293,,4.2,140,8.15,0.162,,,Person A,FALSE,,,,,,
,16,59,K-ST2-01-ISC-4,,7/17/2023,7/19/2023,7/21/2023,30,1.2072,1.2576,,50.4,1680,8.18,0.1603,,,Person A,FALSE,,,,,,
,16,60,K-INF-01-GB-4,,7/17/2023,7/19/2023,7/21/2023,30,1.222,1.2234,,1.4,46.66666667,8.03,0.1616,,,Person A,FALSE,,,,,,
,16,61,K-ST1-01-GB-4,,7/17/2023,7/19/2023,7/21/2023,30,1.2129,1.2293,,16.4,546.6666667,8.18,0.1613,,,Person A,FALSE,,,,,,
,16,62,K-CT1-01-GB-4,,7/17/2023,7/19/2023,7/21/2023,30,1.2167,1.2352,,18.5,616.6666667,8.18,0.1602,,,Person A,FALSE,,,,,,
,16,63,K-CT2-01-GB-4,,7/17/2023,7/19/2023,7/21/2023,30,1.215,1.2572,,42.2,1406.666667,8.22,0.1598,,,Person A,FALSE,,,,,,
,17,30,Stock Solution,,7/19/2023,7/19/2023,7/21/2023,30,1.217,1.2201,,3.1,103.3333333,,,,,Person A,FALSE,Good,,,,,
,17,31,DI,,7/19/2023,7/19/2023,7/21/2023,30,1.2178,1.2178,,0,0,,,,,Person A,FALSE,Good,,,,,
,17,32,K-MT1-01-GBH-4-D,,7/17/2023,7/19/2023,7/21/2023,30,1.2012,1.2127,,11.5,383.3333333,8.19,0.1611,,,Person A,FALSE,,,,,,
,17,33,K-MT2-01-LC-4,,7/17/2023,7/19/2023,7/21/2023,30,1.2047,1.2516,,46.9,1563.333333,8.16,0.161,,,Person A,FALSE,,,,,,
,17,34,K-ST1-01-ISC-4,,7/17/2023,7/19/2023,7/21/2023,30,1.2148,1.2714,,56.6,1886.666667,6.99,0.1612,,,Person A,FALSE,,,,,,
,17,35,K-ST2-01-GB-4,,7/17/2023,7/19/2023,7/21/2023,30,1.2279,1.2714,,43.5,1450,8.26,0.1609,,,Person A,FALSE,,,,,,
,18,64,Stock Solution,,8/3/2023,8/3/2023,8/4/2023,30,1.2266,1.2296,,3,100,,,,,Person A,FALSE,Good,,,,,
,18,65,DI,,8/3/2023,8/3/2023,8/4/2023,30,1.2096,1.2094,,-0.2,-6.666666667,,,,,Person A,FALSE,,,,,,
,18,66,AV-CT1-03-LC-4,,8/1/2023,8/3/2023,8/4/2023,30,1.217,1.2445,,27.5,916.6666667,8.15,0.1129,,,Person A,FALSE,,,,,,
,18,67,AV-CT1-03-LC-4-D,,8/1/2023,8/3/2023,8/4/2023,30,1.2085,1.2459,,37.4,1246.666667,8.24,0.1127,,,Person A,FALSE,,,,,,
,18,68,AV-ST2-03-OT-LC-4,,8/1/2023,8/3/2023,8/4/2023,30,1.1996,1.2108,,11.2,373.3333333,8.29,0.1138,,,Person A,FALSE,,,,,,
,18,36,AV-ST2-03-OT-LC-4-D,,8/1/2023,8/3/2023,8/4/2023,30,1.2182,1.2287,,10.5,350,8.32,0.1142,,,Person A,FALSE,,,,,,
,19,1,Stock Solution,,8/4/2023,8/4/2023,8/6/2023,30,1.2165,1.2195,,3,100,,,,,Person A,FALSE,Good,,,,,
,19,2,DI,,8/4/2023,8/4/2023,8/6/2023,30,1.2251,1.2251,,0,0,,,,,Person A,FALSE,Good,,,,,
,19,3,AV-ST2-03-OT-ISC-4,,8/1/2023,8/4/2023,8/6/2023,30,1.2165,1.228,,11.5,383.3333333,8.28,0.1154,,,Person A,FALSE,,,,,,
,19,4,AV-ST2-03-OT-ISC-4-D,,8/1/2023,8/4/2023,8/6/2023,30,1.2133,1.2224,,9.1,303.3333333,8.35,0.1151,,,Person A,FALSE,,,,,,
,19,5,AV-CT2-03-OT-LC-4,,8/1/2023,8/4/2023,8/6/2023,30,1.2149,1.2239,,9,300,8.25,0.113,,,Person A,FALSE,,,,,,
,19,6,AV-CT2-03-OT-LC-4-D,,8/1/2023,8/4/2023,8/6/2023,30,1.2213,1.2299,,8.6,286.6666667,8.35,0.1126,,,Person A,FALSE,,,,,,
,19,7,AV-CT2-03-OT-ISC-4,,8/1/2023,8/4/2023,8/6/2023,30,1.2177,1.2285,,10.8,360,8.14,0.1144,,,Person A,FALSE,,,,,,
,19,8,AV-CT2-03-OT-ISC-4-D,,8/1/2023,8/4/2023,8/6/2023,30,1.2146,1.2464,,31.8,1060,8.02,0.1138,,,Person A,FALSE,,,,,,
,19,9,K-MT1-S1-LC-4,,8/1/2023,8/4/2023,8/6/2023,30,1.2158,1.255,,39.2,1306.666667,8.05,0.254,,,Person A,FALSE,,,,,,
,19,10,K-CT1-S1-LC-4,,8/1/2023,8/4/2023,8/6/2023,30,1.2087,1.2705,,61.8,2060,8.06,0.209,,,Person A,FALSE,,,,,,
,20,20,Stock Solution,,8/4/2023,8/4/2023,8/6/2023,30,1.1981,1.2013,,3.2,106.6666667,,,,,Person A,FALSE,Good,,,,,
,20,21,DI,,8/4/2023,8/4/2023,8/6/2023,30,1.2102,1.2101,,-0.1,-3.333333333,,,,,Person A,FALSE,,,,,,
,20,22,K-CT2-S1-LC-4,,8/1/2023,8/4/2023,8/6/2023,30,1.2194,1.3629,,143.5,4783.333333,8.01,0.192,,EC 0 on main,Person A,FALSE,,,,,,
,20,23,K-ST1-S1-LC-4,,8/1/2023,8/4/2023,8/6/2023,30,1.2175,1.274,,56.5,1883.333333,7.93,0.393,,EC 0 on main,Person A,FALSE,,,,,,
,20,24,K-ST2-S1-LC-4,,8/1/2023,8/4/2023,8/6/2023,30,1.2151,1.3353,,120.2,4006.666667,8.19,0.405,,EC 0 on main,Person A,FALSE,,,,,,
,20,25,A2-S1-OT-ISC-4,,8/1/2023,8/4/2023,8/6/2023,30,1.1989,1.2263,,27.4,913.3333333,7.32,0.455,,,Person A,FALSE,,,,,,
,20,26,A2-S1-OT-ISC-4-D,,8/1/2023,8/4/2023,8/6/2023,30,1.1923,1.215,,22.7,756.6666667,7.3,0.357,,,Person A,FALSE,,,,,,
,21,23,Stock Solution,,8/14/2023,8/14/2023,8/16/2023,30,1.2146,1.2176,,3,100,,,,,Person A and B,FALSE,Good,,,,,
,21,24,DI,,8/14/2023,8/14/2023,8/16/2023,30,1.2097,1.2097,,0,0,,,,,Person A and B,FALSE,Good,,,,,
,21,27,UYM-04-IN-LC-4,,8/9/2023,8/14/2023,8/16/2023,30,1.2095,1.2098,,0.3,10,8.32,OOR,,,Person A and B,FALSE,,,,,,
,21,29,UYM-04-IN-LC-4-D,,8/9/2023,8/14/2023,8/16/2023,30,1.2172,1.2176,,0.4,13.33333333,8.55,0.301,,,Person A and B,FALSE,,,,,,
,21,31,UYM-04-OT-ISC-4-3,,8/9/2023,8/14/2023,8/16/2023,30,1.2108,1.2115,,0.7,23.33333333,7.85,0.446,,,Person A and B,FALSE,,TSS wafer had lots of organic matter on it'2023-08-16     10:38,,,,
,21,33,UYM-04-OT-ISC-4-7-D,,8/9/2023,8/14/2023,8/16/2023,30,1.1985,1.1985,,0,0,8.23,0.54,,,Person A and B,FALSE,,,,,,
,21,35,UYM-04-OT-ISC-4-11,,8/9/2023,8/14/2023,8/16/2023,30,1.2208,1.2208,,0,0,8.02,0.437,,,Person A and B,FALSE,,,,,,
,22,13,Stock Solution,,8/9/2023,8/16/2023,8/17/2023,30,1.2011,1.2038,,2.7,90,,,,,Person A and B,FALSE,,,,,,
,22,14,DI,,8/9/2023,8/16/2023,8/17/2023,30,1.2071,1.2071,,0,0,,,,,Person A and B,FALSE,,,,,,
,22,17,UYM-04-OT-ISC-4-7,,8/9/2023,8/16/2023,8/17/2023,30,1.2046,1.2046,,0,0,7.89,0.262,8/24/23 15:00,,Person A and B,FALSE,,,,,,
,22,19,UYM-04-OT-ISC-4-9,,8/9/2023,8/16/2023,8/17/2023,30,1.193,1.1931,,0.1,3.333333333,8.34,OOR,8/24/23 15:00,,Person A and B,FALSE,,,,,,
,22,20,UYM-04-OT-ISC-4-9,,8/9/2023,8/16/2023,8/17/2023,30,1.19,1.1898,,-0.2,-6.666666667,8.34,OOR,8/24/23 15:00,,Person A and B,FALSE,,,,,,
,22,21,UYM-04-OT-ISC-4-13-D,,8/9/2023,8/16/2023,8/17/2023,30,1.1884,1.1887,,0.3,10,8.34,0.224,8/24/23 15:00,,Person A and B,FALSE,,,,,,
,22,22,UYM-OT-ISC-4-5,,8/9/2023,8/16/2023,8/17/2023,30,1.2065,1.2063,,-0.2,-6.666666667,8.19,0.444,8/24/23 15:00,,Person A and B,FALSE,,,,,,
,22,23,UYM-04-OT-ISC-4-13,,8/9/2023,8/16/2023,8/17/2023,30,1.2025,1.2028,,0.3,10,8.37,OOR,8/24/23 15:00,,Person A and B,FALSE,,,,,,
,22,24,UYM-04-OT-ISC-4-1,,8/9/2023,8/16/2023,8/17/2023,30,1.1997,1.2,,0.3,10,7.87,0.574,8/24/23 15:00,,Person A and B,FALSE,,,,,,
,22,25,UYM-04-OT-ISC-4-1-D,,8/9/2023,8/16/2023,8/17/2023,30,1.1913,1.1917,,0.4,13.33333333,7.89,0.434,8/24/23 15:00,,Person A and B,FALSE,,,,,,
,23,1,Stock Solution,,8/9/2023,8/16/2023,8/17/2023,30,1.2189,1.2219,,3,100,,,8/24/23 15:00,,Person A and B,FALSE,,,,,,
,23,2,DI,,8/9/2023,8/16/2023,8/17/2023,30,1.2257,1.2257,,0,0,,,8/24/23 15:00,,Person A and B,FALSE,,,,,,
,23,3,SCO-04-GB-4-D,,8/9/2023,8/16/2023,8/17/2023,30,1.2155,1.2156,,0.1,3.333333333,8.3,0.437,8/24/23 15:00,,Person A and B,FALSE,,,,,,
,23,4,SB-04-OT-ISC-4,,8/9/2023,8/16/2023,8/17/2023,30,1.2097,1.2103,,0.6,20,8.19,OOR,8/24/23 15:00,,Person A and B,FALSE,,,,,,
,23,5,SCO-04-GB-4,,8/9/2023,8/16/2023,8/17/2023,30,1.2096,1.2098,,0.2,6.666666667,8.22,0.44,8/24/23 15:00,,Person A and B,FALSE,,,,,,
,23,6,SCA-04-GB-4-D,,8/9/2023,8/16/2023,8/17/2023,30,1.2163,1.2167,,0.4,13.33333333,8.41,0.459,8/24/23 15:00,,Person A and B,FALSE,,,,,,
,23,7,MOR-04-GB-4-D,,8/9/2023,8/16/2023,8/17/2023,30,1.2144,1.2288,,14.4,480,7.47,OOR,8/24/23 15:00,,Person A and B,FALSE,,,,,,
,23,8,SCA-04-GB-4,,8/9/2023,8/16/2023,8/17/2023,30,1.2078,1.208,,0.2,6.666666667,8.47,0.459,8/24/23 15:00,,Person A and B,FALSE,,,,,,
,23,9,MOR-04-GB-4,,8/9/2023,8/16/2023,8/17/2023,30,1.205,1.2192,,14.2,473.3333333,7.75,ORR,8/24/23 15:00,,Person A and B,FALSE,,,,,,
,23,10,SCI-04-GB-4,,8/9/2023,8/16/2023,8/17/2023,30,1.1949,1.1949,,0,0,8.72,0.431,8/24/23 15:00,,Person A and B,FALSE,,,,,,
,23,11,TR-04-GB-4-D,,8/9/2023,8/16/2023,8/17/2023,30,1.2102,1.2103,,0.1,3.333333333,8.43,0.434,8/24/23 15:00,,Person A and B,FALSE,,,,,,
,23,12,TR-04-GB-4,,8/9/2023,8/16/2023,8/17/2023,30,1.2073,1.2074,,0.1,3.333333333,7.94,0.434,8/24/23 15:00,,Person A and B,FALSE,,,,,,
,23,35,SCI-04-GB-4-D,,8/9/2023,8/16/2023,8/17/2023,30,1.1998,1.1999,,0.1,3.333333333,8.76,0.429,8/24/23 15:00,,Person A and B,FALSE,,,,,,
,24,13,Stock Solution,,8/15/2023,8/22/2023,8/22/2023,30,1.2079,1.2109,,3,100,,,,,Person B,FALSE,,,,,,
,24,14,DI,,8/15/2023,8/22/2023,8/22/2023,30,1.2165,1.2163,,-0.2,-6.666666667,,,,,Person B,FALSE,,,,,,
,24,15,K-CT2-02-ISC-4,,8/15/2023,8/22/2023,8/22/2023,30,1.2226,1.2705,,47.9,1596.666667,8.04,0.1304,9/1/23 11:00,,Person B,FALSE,,,,,,
,24,16,K-CT2-02-LC-4,,8/15/2023,8/22/2023,8/22/2023,30,1.2184,1.2971,,78.7,2623.333333,8.08,0.126,9/1/23 11:00,,Person B,FALSE,,,,,,
,24,17,K-CT1-02-GBH-4,,8/15/2023,8/22/2023,8/22/2023,30,1.1966,1.2199,,23.3,776.6666667,8.02,0.1301,9/1/23 11:00,,Person B,FALSE,,,,,,
,24,18,K-MT2-02-LC-4,,8/15/2023,8/22/2023,8/22/2023,30,1.1937,1.2453,,51.6,1720,8.16,0.1302,9/1/23 11:00,,Person B,FALSE,,,,,,
,24,19,K-MT1-02-GBH-4,,8/15/2023,8/22/2023,8/22/2023,30,1.2187,1.2277,,9,300,8.13,0.1292,9/1/23 11:00,,Person B,FALSE,,,,,,
,24,20,K-CT2-02-ISC-4,,8/15/2023,8/22/2023,8/22/2023,30,1.1946,1.2423,,47.7,1590,7.92,0.1311,9/1/23 11:00,,Person B,FALSE,,,,,,
,24,22,K-ST2-02-LC-4,,8/15/2023,8/22/2023,8/22/2023,30,1.1928,1.2023,,9.5,316.6666667,8.02,0.1304,9/1/23 11:00,,Person B,FALSE,,,,,,
,24,23,K-ST1-02-LC-4,,8/15/2023,8/22/2023,8/22/2023,30,1.2132,1.221,,7.8,260,8.1,0.1316,9/1/23 11:00,,Person B,FALSE,,,,,,
,24,24,K-ST1-02-GBH-4,,8/15/2023,8/22/2023,8/22/2023,30,1.2117,1.219,,7.3,243.3333333,8.16,0.1305,9/1/23 11:00,,Person B,FALSE,,,,,,
,25,1,Stock Solution,,8/15/2023,8/25/2023,8/25/2023,30,1.2062,1.2092,,3,100,,,,,Person B,TRUE,,,,,,
,25,2,DI,,8/15/2023,8/25/2023,8/28/2023,30,1.2208,1.2208,,0,0,,,,,Person B,TRUE,,,,,,
,25,3,K-ST1-02-GB-4,,8/15/2023,8/25/2023,8/28/2023,30,1.2105,1.2206,,10.1,336.6666667,8.2,0.773,9/1/23 11:00,,Person B,TRUE,,,,,,
,25,4,K-CT1-02-LC-4,,8/15/2023,8/25/2023,8/28/2023,30,1.2099,1.2514,,41.5,1383.333333,8.1,0.1309,9/1/23 11:00,,Person B,TRUE,,,,,,
,25,5,A2-02-OT-ISC-4-D,,8/15/2023,8/25/2023,8/28/2023,30,1.2066,1.2087,,2.1,70,8.18,0.1692,9/1/23 11:00,,Person B,TRUE,,,,,,
,25,6,K-MT1-02-GBH-4-D,,8/15/2023,8/25/2023,8/28/2023,30,1.2129,1.2228,,9.9,330,8.09,0.1301,9/1/23 8:00,,Person B,TRUE,,"ph, EC collected by Jake",,,,
,25,7,K-ST2-S2-4-D,,8/15/2023,8/25/2023,8/28/2023,30,1.208,1.2885,,80.5,2683.333333,7.86,0.212,9/1/23 11:00,,Person B,TRUE,,,,,,
,25,8,K-CT1-02-GB-4,,8/15/2023,8/25/2023,8/28/2023,30,1.2135,1.2682,,54.7,1823.333333,7.76,0.1311,9/1/23 8:00,,Person B,TRUE,,"ph, EC collected by Jake",,,,
,25,9,SB-04-OT-ISC-4-D,,8/15/2023,8/25/2023,8/28/2023,30,1.2117,1.2131,,1.4,46.66666667,8.34,0.384,9/1/23 11:00,,Person B,TRUE,,,,,,
,25,10,K-CT2-02-GBH-4,,8/15/2023,8/25/2023,8/28/2023,30,1.202,1.2394,,37.4,1246.666667,8.13,0.1298,9/1/23 11:00,,Person B,TRUE,,,,,,
,25,11,K-MT2-S2-4,,8/15/2023,8/25/2023,8/28/2023,30,1.2173,1.2503,,33,1100,7.46,0.0203,9/1/23 8:00,,Person B,TRUE,,"ph, EC collected by Jake",,,,
,26,51,Stock Solution,,8/15/2023,8/25/2023,8/28/2023,30,1.2039,1.2069,,3,100,,,,,Person B,TRUE,,,,,,
,26,54,DI,,8/15/2023,8/25/2023,8/28/2023,30,1.2271,1.2272,,0.1,3.333333333,,,,,Person B,TRUE,,,,,,
,26,55,K-MT1-02-ISC-4,,8/15/2023,8/25/2023,8/28/2023,30,1.2195,1.2296,,10.1,336.6666667,8.08,0.1301,9/1/23 8:00,,Person B,TRUE,,"ph, EC collected by Jake",,,,
,26,56,K-MT2-02-GBH-4,,8/15/2023,8/25/2023,8/28/2023,30,1.1883,1.1991,,10.8,360,8.09,0.1299,9/1/23 8:00,,Person B,TRUE,,"ph, EC collected by Jake",,,,
,26,57,K-ST2-02-GBH-4,,8/15/2023,8/25/2023,8/28/2023,30,1.2151,1.2211,,6,200,8.13,0.1298,9/1/23 8:00,,Person B,TRUE,,"ph, EC collected by Jake",,,,
,26,58,K-MT1-02-GB-4,,8/15/2023,8/25/2023,8/28/2023,30,1.2182,1.2312,,13,433.3333333,8.06,0.1317,9/1/23 8:00,,Person B,TRUE,,"ph, EC collected by Jake",,,,
,26,59,K-ST2-02-ISC-4,,8/15/2023,8/25/2023,8/28/2023,30,1.2022,1.2103,,8.1,270,8.11,0.1298,9/1/23 8:00,,Person B,TRUE,,"ph, EC collected by Jake",,,,
,26,64,K-MT2-02-ISC-4,,8/15/2023,8/25/2023,8/28/2023,30,1.218,1.2383,,20.3,676.6666667,8.03,0.1285,9/1/23 8:00,,Person B,TRUE,,"ph, EC collected by Jake",,,,
,26,65,K-ST2-02-GB-4,,8/15/2023,8/25/2023,8/28/2023,30,1.2045,1.2167,,12.2,406.6666667,8.22,0.1301,9/1/23 11:00,,Person B,TRUE,,,,,,
,26,66,K-MT2-02-GB-4,,8/15/2023,8/25/2023,8/28/2023,30,1.2112,1.2241,,12.9,430,8.09,0.1304,9/1/23 8:00,,Person B,TRUE,,"ph, EC collected by Jake",,,,
,26,67,K-MT1-02-LC-4-D,,8/15/2023,8/25/2023,8/28/2023,30,1.2031,1.2167,,13.6,453.3333333,8.13,0.1298,9/1/23 8:00,,Person B,TRUE,,"ph, EC collected by Jake",,,,
,26,68,K-MT1-02-LC-4,,8/15/2023,8/25/2023,8/28/2023,30,1.1913,1.2027,,11.4,380,8.02,0.13,9/1/23 8:00,,Person B,TRUE,,"ph, EC collected by Jake",,,,
,27,1,Stock Solution,,,8/30/2023,8/31/2023,30,1.2216,1.2243,,2.7,90,,,,,Person B,TRUE,,,,,,
,27,2,DI,,,8/30/2023,8/31/2023,30,1.2232,1.2229,,-0.3,-10,,,,,Person B,TRUE,,,,,,
,27,3,AV-04-IN-GB-4-D,,8/23/2023,8/30/2023,8/31/2023,30,1.215,1.2222,,7.2,240,8.22,0.129,9/1/23 8:00,,Person B,FALSE,,"ph, EC collected by Jake",,,,
,27,4,A2-03-IN-ISC-4,,8/23/2023,8/30/2023,8/31/2023,30,1.2124,1.2447,,32.3,1076.666667,8.15,0.1675,9/1/23 11:00,,Person B,FALSE,,,,,,
,27,5,A2-03-OT-ISC-4,,8/23/2023,8/30/2023,8/31/2023,30,1.2068,1.2093,,2.5,83.33333333,8.16,0.1675,9/1/23 8:00,,Person B,FALSE,,"ph, EC collected by Jake",,,,
,27,6,A2-02-OT-ISC-4,,8/23/2023,8/30/2023,8/31/2023,30,1.2172,1.2194,,2.2,73.33333333,8.17,0.1709,9/1/23 8:00,,Person B,FALSE,,"ph, EC collected by Jake",,,,
,27,7,A2-03-OT-ISC-4-D,,8/23/2023,8/30/2023,8/31/2023,30,1.2082,1.2103,,2.1,70,8.12,0.1677,9/1/23 8:00,,Person B,FALSE,,"ph, EC collected by Jake",,,,
,27,8,A2-03-IN-ISC-4-D,,8/23/2023,8/30/2023,8/31/2023,30,1.2051,1.2341,,29,966.6666667,8.09,0.1679,9/1/23 8:00,,Person B,FALSE,,"ph, EC collected by Jake",,,,
,27,9,AV-04-IN-GB-4,,8/23/2023,8/30/2023,8/31/2023,30,1.1993,1.2062,,6.9,230,8.23,0.129,9/1/23 8:00,,Person B,FALSE,,"ph, EC collected by Jake",,,,
,27,10,AV-CT1-04-OT-LC-4-D,,8/23/2023,8/30/2023,8/31/2023,30,1.1912,1.2098,,18.6,620,8.18,0.1235,9/1/23 8:00,,Person B,FALSE,,"ph, EC collected by Jake",,,,
,27,11,K-ST1-02-ISC-4,,8/23/2023,8/30/2023,8/31/2023,30,1.2088,1.2216,,12.8,426.6666667,8.04,0.118,9/1/23 8:00,,Person B,FALSE,,"ph, EC collected by Jake",,,,
,27,12,K-CT2-02-GB-4,,8/23/2023,8/30/2023,8/31/2023,30,1.2052,1.2546,,49.4,1646.666667,8.06,0.1305,9/1/23 8:00,,Person B,FALSE,,"ph, EC collected by Jake",,,,
,28,13,Stock Solution,,,8/30/2023,8/31/2023,30,1.1982,1.201,,2.8,93.33333333,,,,,Person B,TRUE,,,,,,
,28,14,DI,,,8/30/2023,8/31/2023,30,1.2045,1.2045,,0,0,,,,,Person B,TRUE,,,,,,
,28,15,AV-ST1-04-OT-LC-4-D,,8/23/2023,8/30/2023,8/31/2023,30,1.2189,1.2277,,8.8,293.3333333,8.18,0.1236,9/1/23 8:00,,Person B,FALSE,,"ph, EC collected by Jake",,,,
,28,16,AV-ST2-04-OT-LC-4,,8/23/2023,8/30/2023,8/31/2023,30,1.2014,1.2096,,8.2,273.3333333,8.2,0.1242,9/1/23 8:00,,Person B,FALSE,,"ph, EC collected by Jake",,,,
,28,17,K-CT1-03-ISC-4,,8/23/2023,8/30/2023,8/31/2023,30,1.2027,1.2303,,27.6,920,8.29,0.1623,9/1/23 11:00,,Person B,FALSE,,,,,,
,28,18,AV-ST1-04-OT-LC-4,,8/23/2023,8/30/2023,8/31/2023,30,1.1991,1.2074,,8.3,276.6666667,8.22,0.1231,9/1/23 8:00,,Person B,FALSE,,"ph, EC collected by Jake",,,,
,28,19,AV-ST2-04-OT-LC-4-D,,8/23/2023,8/30/2023,8/31/2023,30,1.1887,1.197,,8.3,276.6666667,8.21,0.1243,9/1/23 8:00,,Person B,FALSE,,"ph, EC collected by Jake",,,,
,28,20,AV-CT1-04-OT-LC-4,,8/23/2023,8/30/2023,8/31/2023,30,1.1901,1.2278,,37.7,1256.666667,8.19,0.1239,9/1/23 8:00,,Person B,FALSE,,"ph, EC collected by Jake",,,,
,28,21,AV-CT2-04-OT-LC-4,,8/23/2023,8/30/2023,8/31/2023,30,1.191,1.2012,,10.2,340,8.29,0.124,9/1/23 8:00,,Person B,FALSE,,"ph, EC collected by Jake",,,,
,28,22,AV-CT2-04-OT-LC-4-D,,8/23/2023,8/30/2023,8/31/2023,30,1.2043,1.2134,,9.1,303.3333333,8.27,0.124,9/1/23 8:00,,Person B,FALSE,,"ph, EC collected by Jake",,,,
,28,23,K-MT2-03-LC-4,,8/23/2023,8/30/2023,8/31/2023,30,1.1987,1.2949,,96.2,3206.666667,8.18,0.1618,9/1/23 8:00,,Person B,FALSE,,"ph, EC collected by Jake",,,,
,28,24,K-MT1-03-LC-4,,8/23/2023,8/30/2023,8/31/2023,30,1.2015,1.2069,,5.4,180,8.07,0.1623,9/1/23 8:00,,Person B,FALSE,,"ph, EC collected by Jake",,,,
,29,25,Stock Solution,,,8/30/2023,8/31/2023,30,1.1885,1.1917,,3.2,106.6666667,,,,,Person B,TRUE,,,,,,
,29,26,DI,,,8/30/2023,8/31/2023,30,1.2025,1.2025,,0,0,,,,,Person B,TRUE,,,,,,
,29,27,K-CT2-03-ISC-4,,8/23/2023,8/30/2023,8/31/2023,30,1.2022,1.2347,,32.5,1083.333333,8.19,0.1618,9/1/23 8:00,,Person B,FALSE,,"ph, EC collected by Jake",,,,
,29,28,K-CT1-03-LC-4,,8/23/2023,8/30/2023,8/31/2023,30,1.2085,1.227,,18.5,616.6666667,8.2,0.1621,9/1/23 8:00,,Person B,FALSE,,"ph, EC collected by Jake",,,,
,29,29,K-CT2-03-GBH-4,,8/23/2023,8/30/2023,8/31/2023,30,1.1951,1.2202,,25.1,836.6666667,8.29,0.1613,9/1/23 11:00,,Person B,FALSE,,,,,,
,29,30,K-INF-03-GBH-4,,8/23/2023,8/30/2023,8/31/2023,30,1.2057,1.2066,,0.9,30,8,0.1623,9/1/23 8:00,,Person B,FALSE,,"ph, EC collected by Jake",,,,
,29,31,K-MT2-03-GBH-4,,8/23/2023,8/30/2023,8/31/2023,30,1.2203,1.2308,,10.5,350,8.26,0.162,9/1/23 8:00,,Person B,FALSE,,"ph, EC collected by Jake",,,,
,29,32,K-CT2-03-LC-4,,8/23/2023,8/30/2023,8/31/2023,30,1.1906,1.2199,,29.3,976.6666667,8.26,0.1615,9/1/23 8:00,,Person B,FALSE,,"ph, EC collected by Jake",,,,
,29,33,K-ST2-03-GBH-4,,8/23/2023,8/30/2023,8/31/2023,30,1.1998,1.2054,,5.6,186.6666667,8.33,0.1606,9/1/23 11:00,,Person B,FALSE,,,,,,
,29,34,K-ST2-03-GB-4,,8/23/2023,8/30/2023,8/31/2023,30,1.1925,1.201,,8.5,283.3333333,8.29,0.1639,9/1/23 8:00,,Person B,FALSE,,"ph, EC collected by Jake",,,,
,29,35,K-CT2-03-GB-4,,8/23/2023,8/30/2023,8/31/2023,30,1.1986,1.218,,19.4,646.6666667,8.31,0.1628,9/1/23 8:00,,Person B,FALSE,,"ph, EC collected by Jake",,,,
,29,36,K-ST1-03-GBH-4,,8/23/2023,8/30/2023,8/31/2023,30,1.2011,1.2054,,4.3,143.3333333,8.22,0.1623,9/1/23 8:00,,Person B,FALSE,,"ph, EC collected by Jake",,,,
,30,13,Stock Solution,,,8/30/2023,8/31/2023,30,1.2056,1.209,,3.4,113.3333333,,,,,Person B,TRUE,,,,,,
,30,14,DI,,,8/30/2023,8/31/2023,30,1.2173,1.2173,,0,0,,,,,Person B,TRUE,,,,,,
,30,15,K-ST2-03-LC-4,,8/23/2023,8/30/2023,8/31/2023,30,1.2212,1.2531,,31.9,1063.333333,8.2,0.162,9/1/23 8:00,,Person B,FALSE,,"ph, EC collected by Jake",,,,
,30,16,K-ST1-03-GB-4,,8/23/2023,8/30/2023,8/31/2023,30,1.2159,1.2229,,7,233.3333333,8.2,0.1631,9/1/23 8:00,,Person B,FALSE,,"ph, EC collected by Jake",,,,
,30,17,K-ST1-03-LC-4,,8/23/2023,8/30/2023,8/31/2023,30,1.1992,1.2032,,4,133.3333333,8.2,0.1619,9/1/23 8:00,,Person B,FALSE,,"ph, EC collected by Jake",,,,
,30,18,K-MT1-03-GB-4,,8/23/2023,8/30/2023,8/31/2023,30,1.1944,1.1974,,3,100,8.3,0.1637,9/1/23 11:00,,Person B,FALSE,,,,,,
,30,19,K-INF-03-GB-4,,8/23/2023,8/30/2023,8/31/2023,30,1.2175,1.2183,,0.8,26.66666667,8.01,0.1622,9/1/23 8:00,,Person B,FALSE,,"ph, EC collected by Jake",,,,
,30,20,K-CT1-03-GB-4,,8/23/2023,8/30/2023,8/31/2023,30,1.1929,1.2152,,22.3,743.3333333,8.26,0.1629,9/1/23 8:00,,Person B,FALSE,,"ph, EC collected by Jake",,,,
,30,21,K-CT1-03-GBH-4,,8/23/2023,8/30/2023,8/31/2023,30,1.2059,1.2218,,15.9,530,8.29,0.1617,9/1/23 8:00,,Person B,FALSE,,"ph, EC collected by Jake",,,,
,30,22,K-MT2-03-LC-4-D,,8/23/2023,8/30/2023,8/31/2023,30,1.1919,1.2587,,66.8,2226.666667,8.23,0.1624,9/1/23 11:00,,Person B,FALSE,,,,,,
,30,23,K-MT2-03-GB-4,,8/23/2023,8/30/2023,8/31/2023,30,1.2134,1.2323,,18.9,630,8.26,0.164,9/1/23 8:00,,Person B,FALSE,,"ph, EC collected by Jake",,,,
,30,24,K-MT1-03-GBH-4,,8/23/2023,8/30/2023,8/31/2023,30,1.2072,1.2105,,3.3,110,8.31,0.1622,9/1/23 11:00,,Person B,FALSE,,,,,,
,31,146,Stock Solution,,,8/30/2023,8/31/2023,30,1.2068,1.2096,,2.8,93.33333333,,,,,Person B,TRUE,,,,,,
,31,147,DI,,,8/30/2023,8/31/2023,30,1.2018,1.2018,,0,0,,,,,Person B,TRUE,,,,,,
,31,148,K-ST1-03-ISC-4,,8/23/2023,8/30/2023,8/31/2023,30,1.2074,1.2109,,3.5,116.6666667,8.24,0.1619,9/1/23 8:00,,Person B,FALSE,,"ph, EC collected by Jake",,,,
,31,149,K-MT1-03-ISC-4,,8/23/2023,8/30/2023,8/31/2023,30,1.2085,1.2127,,4.2,140,8.28,0.1619,9/1/23 8:00,,Person B,FALSE,,"ph, EC collected by Jake",,,,
,31,150,K-MT2-03-ISC-4-D,,8/23/2023,8/30/2023,8/31/2023,30,1.2105,1.2248,,14.3,476.6666667,8.23,0.1616,9/1/23 8:00,,Person B,FALSE,,"ph, EC collected by Jake",,,,
,31,151,K-MT1-03-LC-4-D,,8/23/2023,8/30/2023,8/31/2023,30,1.1926,1.1973,,4.7,156.6666667,8.27,0.163,9/1/23 11:00,,Person B,FALSE,,,,,,
,31,152,K-ST2-03-ISC-4,,8/23/2023,8/30/2023,8/31/2023,30,1.1995,1.2054,,5.9,196.6666667,8.26,0.1617,9/1/23 8:00,,Person B,FALSE,,"ph, EC collected by Jake",,,,
,32,1,Stock Solution,,8/23/2023,9/7/2023,9/8/2023,30,1.2179,1.221,,3.1,103.3333333,,,,,Person B,TRUE,,RETEST,,,,
,32,2,DI,,8/23/2023,9/7/2023,9/8/2023,30,1.2235,1.2235,,0,0,,,,,Person B,TRUE,,RETEST,,,,
,32,3,K-INF-02-GB-4,,8/23/2023,9/7/2023,9/8/2023,30,1.2127,1.2137,,1,33.33333333,8.21,0.1048,10/6/23 10:30,,Person B,TRUE,,RETEST,,,,
,32,4,K-INF-02-GBH-4,,8/23/2023,9/7/2023,9/8/2023,30,1.2101,1.2112,,1.1,36.66666667,8.14,0.1286,10/6/23 10:30,,Person B,TRUE,,RETEST,,,,
,33,13,Stock Solution,,9/13/2023,9/26/2023,9/27/2023,30,1.1968,1.1996,,2.8,93.33333333,,,,,Person B,TRUE,,,,,,
,33,14,DI,,9/13/2023,9/26/2023,9/27/2023,30,1.2058,1.2059,,0.1,3.333333333,,,,,Person B,TRUE,,,,,,
,33,15,GU-03-IN-LC-4,,9/13/2023,9/26/2023,9/27/2023,30,1.2177,1.2184,,0.7,23.33333333,7.98,0.0212,10/2/23 10,,Person B,TRUE,,,,,,
,33,16,GU-03-IN-GB-4-D,,9/13/2023,9/26/2023,9/27/2023,30,1.2011,1.2019,,0.8,26.66666667,7.93,0.0245,10/2/23 10,,Person B,TRUE,,,,,,
,33,17,GU-03-IN-LC-4-D,,9/13/2023,9/26/2023,9/27/2023,30,1.201,1.2028,,1.8,60,7.98,0.0208,10/2/23 10,,Person B,TRUE,,,,,,
,33,18,GU-03-IN-GB-4,,9/13/2023,9/26/2023,9/27/2023,30,1.1978,1.1984,,0.6,20,7.94,0.0224,10/2/23 10,,Person B,TRUE,,,,,,
,33,19,GU-03-OT-ISC-4,,9/13/2023,9/26/2023,9/27/2023,30,1.1891,1.1912,,2.1,70,7.84,0.0344,10/2/23 10,,Person B,TRUE,,,,,,
,33,20,BK-GU-03-4,,9/13/2023,9/26/2023,9/27/2023,30,1.187,1.1868,,-0.2,-6.666666667,6.21,oor,10/6/23 10:30,,Person B,TRUE,,,,,,
,33,21,MOL-02-IN-GB-4,,9/13/2023,9/26/2023,9/27/2023,30,1.1891,1.1896,,0.5,16.66666667,8.31,0.029,10/2/23 10,,Person B,TRUE,,,,,,
,33,22,GU-03-OT-ISC-4-D,,9/13/2023,9/26/2023,9/27/2023,30,1.2034,1.2041,,0.7,23.33333333,7.51,0.0336,10/2/23 10,,Person B,TRUE,,,,,,
,34,1,Stock Solution,,,,9/27/2023,30,1.2221,1.2252,,3.1,103.3333333,,,,,Person B,FALSE,,,,,,
,34,2,DI,,,,9/27/2023,30,1.224,1.224,,0,0,,,,,Person B,FALSE,,,,,,
,34,3,MOL-02-OT-ISC-4,,9/13/2023,9/26/2023,9/27/2023,30,1.2146,1.2157,,1.1,36.66666667,8.01,0.0406,10/2/23 10,,Person B,TRUE,,,,,,
,34,4,MOL-02-IN-GB-4-D,,9/13/2023,9/26/2023,9/27/2023,30,1.2078,1.2082,,0.4,13.33333333,8.31,0.0289,10/2/23 10,,Person B,TRUE,,,,,,
,34,5,MOL-02-OT-ISC-4-D,,9/13/2023,9/26/2023,9/27/2023,30,1.2084,1.2083,,-0.1,-3.333333333,8.11,0.0405,10/2/23 10,,Person B,TRUE,,,,,,
,34,6,K-CT2-04-ISC-4,,9/20/2023,9/26/2023,9/27/2023,30,1.2155,1.2504,,34.9,1163.333333,8.26,0.1614,10/2/23 10,,Person B,FALSE,,,,,,
,34,7,K-CT2-04-LC-4,,9/20/2023,9/26/2023,9/27/2023,30,1.2116,1.2398,,28.2,940,8.21,0.1588,10/2/23 10,,Person B,FALSE,,,,,,
,34,8,K-CT1-04-GBH-4,,9/20/2023,9/26/2023,9/27/2023,30,1.2043,1.2302,,25.9,863.3333333,8.14,0.1624,10/2/23 10,,Person B,FALSE,,,,,,
,34,9,K-CT1-04-ISC-4,,9/20/2023,9/26/2023,9/27/2023,30,1.208,1.2477,,39.7,1323.333333,8.07,0.1605,10/6/23 10:30,,Person B,FALSE,,,,,,
,34,10,K-CT1-04-LC-4,,9/20/2023,9/26/2023,9/27/2023,30,1.207,1.2456,,38.6,1286.666667,8.06,0.1653,10/2/23 10,,Person B,FALSE,,,,,,
,34,11,K-CT1-04-GB-4,,9/20/2023,9/26/2023,9/27/2023,30,1.2021,1.2305,,28.4,946.6666667,8.09,0.1222,10/6/23 10:30,,Person B,FALSE,,,,,,
,34,12,K-CT2-04-GBH-4,,9/20/2023,9/26/2023,9/27/2023,30,1.2225,1.2439,,21.4,713.3333333,8.24,0.1591,10/2/23 10,,Person B,FALSE,,,,,,
,35,21,Stock Solution,,9/20/2023,9/27/2023,9/27/2023,30,1.2035,1.2065,,3,100,,,,,Person B,FALSE,,,,,,
,35,22,DI,,9/20/2023,9/27/2023,9/28/2023,30,1.1928,1.1927,,-0.1,-3.333333333,,,,,Person B,FALSE,,,,,,
,35,23,K-ST1-04-GB-4,,9/20/2023,9/27/2023,9/28/2023,30,1.2136,1.2805,,66.9,2230,8.09,0.1623,10/6/23 10:30,,Person B,FALSE,,,,,,
,35,24,K-CT2-04-LC-4,,9/20/2023,9/27/2023,9/28/2023,30,1.2108,1.2427,,31.9,1063.333333,8.17,0.1625,10/2/23 10,,Person B,FALSE,,,,,,
,35,25,K-MT2-04-GBH-4,,9/20/2023,9/27/2023,9/28/2023,30,1.1897,1.2062,,16.5,550,8.12,0.1614,10/2/23 11,,Person B,FALSE,,,,,,
,35,26,K-MT1-04-ISC-4,,9/20/2023,9/27/2023,9/28/2023,30,1.2067,1.42,,213.3,7110,8,0.1645,10/2/23 10,,Person B,FALSE,,,,,,
,35,27,K-MT1-04-LC-4,,9/20/2023,9/27/2023,9/28/2023,30,1.2062,1.3293,,123.1,4103.333333,8.29,0.1682,10/2/23 10,,Person B,FALSE,,,,,,
,35,28,K-MT1-04-GBH-4,,9/20/2023,9/27/2023,9/28/2023,30,1.2073,1.2434,,36.1,1203.333333,8.1,0.1567,10/2/23 10,,Person B,FALSE,,,,,,
,35,29,K-MT1-04-GB-4,,9/20/2023,9/27/2023,9/28/2023,30,1.1938,1.2439,,50.1,1670,8,0.1637,10/6/23 10:30,,Person B,FALSE,,,,,,
,35,30,K-INF-04-GB-4,,9/20/2023,9/27/2023,9/28/2023,30,1.2061,1.2072,,1.1,36.66666667,8.13,oor,10/6/23 10:30,,Person B,FALSE,,,,,,
,35,31,K-ST2-04-GBH-4,,9/20/2023,9/27/2023,9/28/2023,30,1.2198,1.2991,,79.3,2643.333333,8,0.1642,10/6/23 10:30,,Person B,FALSE,,,,,,
,35,32,K-MT2-04-GB-4,,9/20/2023,9/27/2023,9/28/2023,30,1.1983,1.2233,,25,833.3333333,7.69,oor,10/6/23 10:30,,Person B,FALSE,,,,,,
,36,9,Stock Solution,,9/20/2023,9/27/2023,9/28/2023,30,1.1985,1.2018,,3.3,110,,,,,Person B,FALSE,,,,,,
,36,10,DI,,9/20/2023,9/27/2023,9/28/2023,30,1.1924,1.1924,,0,0,,,,,Person B,FALSE,,,,,,
,36,11,K-ST1-04-ISC-4,,9/20/2023,9/27/2023,9/28/2023,30,1.21,1.3169,,106.9,3563.333333,8.1,0.1615,10/6/23 10:30,,Person B,FALSE,,,,,,
,36,12,K-MT2-04-ISC-4,,9/20/2023,9/27/2023,9/28/2023,30,1.2071,1.2789,,71.8,2393.333333,8.09,0.1443,10/6/23 10:30,,Person B,FALSE,,,,,,
,36,13,K-ST2-04-GB-4,,9/20/2023,9/27/2023,9/28/2023,30,1.2072,1.3272,,120,4000,8.22,0.1619,10/6/23 10:30,,Person B,FALSE,,,,,,
,36,14,K-CT2-04-GBH-4-D,,9/20/2023,9/27/2023,9/28/2023,30,1.2143,1.2374,,23.1,770,8.1,0.1631,10/6/23 10:30,,Person B,FALSE,,,,,,
,36,15,K-MT1-04-GBH-4-D,,9/20/2023,9/27/2023,9/28/2023,30,1.2208,1.26,,39.2,1306.666667,8.16,0.1635,10/6/23 10:30,,Person B,FALSE,,,,,,
,36,16,K-ST1-04-LC-4,,9/20/2023,9/27/2023,9/28/2023,30,1.2169,1.3519,,135,4500,8,0.1614,10/6/23 10:30,,Person B,FALSE,,,,,,
,36,17,K-ST1-04-GBH-4,,9/20/2023,9/27/2023,9/28/2023,30,1.1982,1.2616,,63.4,2113.333333,8.05,0.1654,10/6/23 10:30,,Person B,FALSE,,,,,,
,36,18,K-MT2-04-LC-4,,9/20/2023,9/27/2023,9/28/2023,30,1.1927,1.3765,,183.8,6126.666667,7.92,0.1657,10/6/23 10:30,,Person B,FALSE,,,,,,
,36,19,K-ST2-04-ISC-4,,9/20/2023,9/27/2023,9/28/2023,30,1.2157,1.2861,,70.4,2346.666667,8.08,0.1504,10/6/23 10:30,,Person B,FALSE,,,,,,
,37,1,Stock Solution,,,9/28/2023,10/2/2023,30,1.2077,1.2109,,3.2,106.6666667,,,,,Person B,TRUE,,,,,,
,37,2,DI,,,9/28/2023,10/2/2023,30,1.2174,1.2174,,0,0,,,,,Person B,TRUE,,,,,,
,37,3,K-ST2-05-ISC-4,,9/26/2023,9/28/2023,10/2/2023,30,1.2114,1.5693,,357.9,11930,8.11,0.1638,10/2/23 10,,Person B,FALSE,,,,,,
,37,4,K-ST2-05-GBH-4-D,,9/26/2023,9/28/2023,10/2/2023,30,1.2094,1.2718,,62.4,2080,8.2,0.1645,10/2/23 10,,Person B,FALSE,,,,,,
,37,5,K-ST2-04-LC-4,,9/20/2023,9/28/2023,10/2/2023,30,1.2091,1.3145,,105.4,3513.333333,8.02,0.1589,10/2/23 10,,Person B,TRUE,,,,,,
,37,6,K-INF-05-GBH-4-D,,9/26/2023,9/28/2023,10/2/2023,30,1.2153,1.2162,,0.9,30,7.85,0.1601,10/2/23 10,,Person B,FALSE,,,,,,
,37,7,K-ST1-05-GB-4,,9/26/2023,9/28/2023,10/2/2023,30,1.2094,1.2515,,42.1,1403.333333,8.18,0.1753,10/2/23 10,,Person B,FALSE,,,,,,
,37,8,K-ST2-05-GBH-4,,9/26/2023,9/28/2023,10/2/2023,30,1.2124,1.2599,,47.5,1583.333333,8.25,0.1594,10/2/23 10,,Person B,FALSE,,,,,,
,37,9,K-INF-05-GB-4,,9/26/2023,9/28/2023,10/2/2023,30,1.2102,1.2113,,1.1,36.66666667,7.89,0.1614,10/2/23 10,,Person B,FALSE,,,,,,
,37,10,K-ST2-05-LC-4,,9/26/2023,9/28/2023,10/2/2023,30,1.2024,1.2866,,84.2,2806.666667,8.07,0.1605,10/2/23 10,,Person B,FALSE,,,,,,
,37,11,K-ST2-05-GB-4,,9/26/2023,9/28/2023,10/2/2023,30,1.2182,1.5648,,346.6,11553.33333,8.03,0.1533,10/2/23 10,,Person B,FALSE,,,,,,
,37,12,K-INF-05-GBH-4,,9/26/2023,9/28/2023,10/2/2023,30,1.2139,1.2152,,1.3,43.33333333,7.54,0.2053,10/2/23 10,,Person B,FALSE,,,,,,
,38,13,Stock Solution,,9/26/2023,10/2/2023,10/4/2023,30,1.198,1.201,,3,100,,,,,Person B,FALSE,,,,,,
,38,14,DI,,9/26/2023,10/2/2023,10/4/2023,30,1.2077,1.2076,,-0.1,-3.333333333,,,,,Person B,FALSE,,,,,,
,38,15,K-MT1-05-GBH-4,,9/26/2023,10/2/2023,10/4/2023,30,1.2164,1.2764,,60,2000,8.17,0.1654,10/6/23 10:30,,Person B,FALSE,,,,,,
,38,16,K-CT1-05-LC-4,,9/26/2023,10/2/2023,10/4/2023,30,1.2017,1.2264,,24.7,823.3333333,8.27,0.1667,10/6/23 10:30,,Person B,FALSE,,,,,,
,38,17,K-MT2-05-GB-4,,9/26/2023,10/2/2023,10/4/2023,30,1.2004,1.2261,,25.7,856.6666667,8.24,0.1656,10/6/23 10:30,,Person B,FALSE,,,,,,
,38,18,K-CT2-05-GBH-4,,9/26/2023,10/2/2023,10/4/2023,30,1.1997,1.2596,,59.9,1996.666667,8.23,0.1645,10/6/23 10:30,,Person B,FALSE,,,,,,
,38,19,K-CT1-05-GBH-4,,9/26/2023,10/2/2023,10/4/2023,30,1.1941,1.209,,14.9,496.6666667,8.32,0.1632,10/6/23 10:30,,Person B,FALSE,,,,,,
,38,20,K-CT1-05-ISC-4,,9/26/2023,10/2/2023,10/4/2023,30,1.1865,1.2019,,15.4,513.3333333,8.3,0.1666,10/6/23 10:30,,Person B,FALSE,,,,,,
,38,21,K-CT1-05-GB-4,,9/26/2023,10/2/2023,10/4/2023,30,1.1933,1.215,,21.7,723.3333333,8.29,0.162,10/6/23 10:30,,Person B,FALSE,,,,,,
,38,22,K-ST1-05-GBH-4,,9/26/2023,10/2/2023,10/4/2023,30,1.2041,1.238,,33.9,1130,8.27,0.1623,10/6/23 10:30,,Person B,FALSE,,,,,,
,38,23,K-ST1-05-ISC-4,,9/26/2023,10/2/2023,10/4/2023,30,1.2351,1.2841,,49,1633.333333,8.22,0.162,10/6/23 10:30,,Person B,FALSE,,,,,,
,38,24,K-ST1-05-LC-4,,9/26/2023,10/2/2023,10/4/2023,30,1.1784,1.2827,,104.3,3476.666667,8.2,0.1645,10/6/23 10:30,,Person B,FALSE,,,,,,
,39,1,Stock Solution,,9/26/2023,10/3/2023,10/4/2023,30,1.2189,1.2218,,2.9,96.66666667,,,,,Person B,FALSE,,,,,,
,39,2,DI,,9/26/2023,10/3/2023,10/4/2023,30,1.2274,1.2272,,-0.2,-6.666666667,,,,,Person B,FALSE,,,,,,
,39,3,K-CT2-05-GB-4,,9/26/2023,10/3/2023,10/4/2023,30,1.2152,1.2965,,81.3,2710,8.17,0.169,10/6/23 10:30,,Person B,FALSE,,,,,,
,39,4,K-CT2-05-LC-4,,9/26/2023,10/3/2023,10/4/2023,30,1.2122,1.2843,,72.1,2403.333333,8.12,0.1631,10/6/23 10:30,,Person B,FALSE,,,,,,
,39,5,K-MT2-05-LC-4,,9/26/2023,10/3/2023,10/4/2023,30,1.2123,1.2845,,72.2,2406.666667,8.12,0.162,10/6/23 10:30,,Person B,FALSE,,,,,,
,39,6,K-INF-04-GBH-4,,9/26/2023,10/3/2023,10/4/2023,30,1.2195,1.2205,,1,33.33333333,7.45,0.198,10/6/23 10:30,,Person B,FALSE,,,,,,
,39,7,K-MT1-05-GB-4,,9/26/2023,10/3/2023,10/4/2023,30,1.2127,1.2653,,52.6,1753.333333,7.97,0.1652,10/6/23 10:30,,Person B,FALSE,,,,,,
,39,8,K-MT2-05-GBH-4,,9/26/2023,10/3/2023,10/4/2023,30,1.2074,1.228,,20.6,686.6666667,8.2,0.163,10/6/23 10:30,,Person B,FALSE,,,,,,
,39,9,K-MT1-05-ISC-4,,9/26/2023,10/3/2023,10/4/2023,30,1.2094,1.3694,,160,5333.333333,8.17,0.1655,10/6/23 10:30,,Person B,FALSE,,,,,,
,39,10,K-MT2-05-ISC-4,,9/26/2023,10/3/2023,10/4/2023,30,1.2021,1.2281,,26,866.6666667,8.23,0.1575,10/6/23 10:30,,Person B,FALSE,,,,,,
,39,11,K-CT2-05-ISC-4,,9/26/2023,10/3/2023,10/4/2023,30,1.1993,1.2964,,97.1,3236.666667,8.23,0.1634,10/6/23 10:30,,Person B,FALSE,,,,,,
,39,12,K-MT1-05-LC-4,,9/26/2023,10/3/2023,10/4/2023,30,1.2179,2.0866,,868.7,28956.66667,8.06,0.1633,10/6/23 10:30,,Person B,FALSE,,,,,,
,40,1,Stock Solution,,10/11/2023,10/16/2023,10/18/2023,30,1.2201,1.2232,,3.1,103.3333333,,,,,Person B,FALSE,,,,,,
,40,2,DI,,10/11/2023,10/16/2023,10/18/2023,30,1.225,1.2248,,-0.2,-6.666666667,,,,,Person B,FALSE,,,,,,
,40,3,TR-05-GB-4,,10/11/2023,10/16/2023,10/18/2023,30,1.2161,1.2162,,0.1,3.333333333,8.22,0.441,10/19/23 2:30,,Person B,FALSE,,,,,,
,40,4,TR-05-GB-4-D,,10/11/2023,10/16/2023,10/18/2023,30,1.2108,1.2115,,0.7,23.33333333,8.2,0.577,10/19/23 2:30,,Person B,FALSE,,,,,,
,40,5,SCA-05-GB-4-D,,10/11/2023,10/16/2023,10/18/2023,30,1.2114,1.2134,,2,66.66666667,8.22,0.362,10/19/23 2:30,,Person B,FALSE,,,,,,
,40,6,MOR-05-GB-4-D,,10/11/2023,10/16/2023,10/18/2023,30,1.217,1.2171,,0.1,3.333333333,7.91,oor,10/19/23 2:30,,Person B,FALSE,,,,,,
,40,7,MOR-05-GB-4,,10/11/2023,10/16/2023,10/18/2023,30,1.2129,1.213,,0.1,3.333333333,7.53,oor,10/19/23 2:30,,Person B,FALSE,,,,,,
,40,8,SCA-05-GB-4,,10/11/2023,10/16/2023,10/18/2023,30,1.2078,1.2096,,1.8,60,8.2,0.32,10/19/23 2:30,,Person B,FALSE,,,,,,
,41,13,Stock Solution,,10/11/2023,10/18/2023,10/20/2023,30,1.1979,1.201,,3.1,103.3333333,,,,,Person B,FALSE,,,,,,
,41,14,DI,,10/11/2023,10/18/2023,10/20/2023,30,1.2034,1.2035,,0.1,3.333333333,,,,,Person B,FALSE,,,,,,
,41,15,SB-05-OT-ISC-4,,10/11/2023,10/18/2023,10/20/2023,30,1.2197,1.221,,1.3,43.33333333,7.92,oor,10/19/23 2:30,,Person B,FALSE,,,,,,
,41,16,SCO-05-GB-4,,10/11/2023,10/18/2023,10/20/2023,30,1.2045,1.2049,,0.4,13.33333333,8.01,0.44,10/19/23 2:30,,Person B,FALSE,,,,,,
,41,17,BK-SB-05-4,,10/11/2023,10/18/2023,10/20/2023,30,1.2035,1.2037,,0.2,6.666666667,6.74,oor,10/19/23 2:30,,Person B,FALSE,,,,,,
,41,18,SB-05-OT-ISC-4-D,,10/11/2023,10/18/2023,10/20/2023,30,1.1996,1.2013,,1.7,56.66666667,8.15,0.203,10/19/23 2:30,,Person B,FALSE,,,,,,
,41,19,SCI-05-GB-4,,10/11/2023,10/18/2023,10/20/2023,30,1.1962,1.2021,,5.9,196.6666667,8.3,0.441,10/19/23 2:30,,Person B,FALSE,,,,,,
,41,20,SCO-05-GB-4-D,,10/11/2023,10/18/2023,10/20/2023,30,1.1862,1.1865,,0.3,10,8.1,0.442,10/19/23 2:30,,Person B,FALSE,,,,,,
,41,21,SCI-05-GB-4-D,,10/11/2023,10/18/2023,10/20/2023,30,1.1898,1.1967,,6.9,230,8.16,0.445,10/19/23 2:30,,Person B,FALSE,,,,,,
,42,1,Stock Solution,,11/7/2023,11/13/2023,11/15/2023,30,1.209,1.2118,,2.8,93.33333333,,,,,Person B,FALSE,,,,,,
,42,11,DI,,11/7/2023,11/13/2023,11/15/2023,30,1.2208,1.2209,,0.1,3.333333333,,,,,Person B,FALSE,,,,,,
,42,3,BT-RVA-4,,11/7/2023,11/13/2023,11/15/2023,30,1.2103,1.2115,,1.2,40,,,,,Person B,FALSE,,,,,,
,42,4,BT-RVB-4,,11/7/2023,11/13/2023,11/15/2023,30,1.2101,1.2112,,1.1,36.66666667,,,,,Person B,FALSE,,,,,,
,42,5,BT-RVMID-4,,11/7/2023,11/13/2023,11/15/2023,30,1.2109,1.2118,,0.9,30,,,,,Person B,FALSE,,,,,,
,42,6,HOL-DOWN-4,,11/7/2023,11/13/2023,11/15/2023,30,1.2145,1.2161,,1.6,53.33333333,,,,,Person B,FALSE,,,,,,
,42,7,HOL-CON-4,,11/7/2023,11/13/2023,11/15/2023,30,1.2092,1.2104,,1.2,40,,,,,Person B,FALSE,,,,,,
,42,8,HOL-UP-4,,11/7/2023,11/13/2023,11/15/2023,30,1.2119,1.2145,,2.6,86.66666667,,,,,Person B,FALSE,,,,,,
,42,9,HOL-MID-4,,11/7/2023,11/13/2023,11/15/2023,30,1.2127,1.2216,,8.9,296.6666667,,,,,Person B,FALSE,,,,,,
,42,10,BT-TDR-4,,11/7/2023,11/13/2023,11/15/2023,30,1.2029,1.2058,,2.9,96.66666667,,,,,Person B,FALSE,,,,,,
